{
  "format_version": "1.8.0",
  "animations": {
    "Sit": {
      "disableOnHit": false,
      "disableOnMove": true,
      "loop": "hold_on_last_frame",
      "animation_length": 503.5417,
      "bones": {
        "bipedHead": {
          "rotation": {
            "0.0": {
              "vector": [-2.5, 0, 0]
            },
            "0.125": {
              "vector": [10.01397, -3.11401, -4.52402]
            },
            "0.1667": {
              "vector": [-4.98603, -3.11401, -4.52402]
            },
            "0.2083": {
              "vector": [-5, 0, 0]
            },
            "0.25": {
              "vector": [-9.97178, -0.65182, -4.95744]
            },
            "0.5417": {
              "vector": [-12.48603, -3.11401, -4.52402]
            },
            "0.625": {
              "vector": [-12.17439, -4.18239, -9.41854]
            },
            "1.75": {
              "vector": [-9.67439, -4.18239, -9.41854]
            },
            "3.25": {
              "vector": [-12.17439, -4.18239, -9.41854]
            },
            "4.75": {
              "vector": [-9.67439, -4.18239, -9.41854]
            },
            "6.25": {
              "vector": [-12.17439, -4.18239, -9.41854]
            },
            "7.75": {
              "vector": [-9.67439, -4.18239, -9.41854]
            },
            "9.25": {
              "vector": [-12.17439, -4.18239, -9.41854]
            },
            "10.75": {
              "vector": [-9.67439, -4.18239, -9.41854]
            },
            "12.25": {
              "vector": [-12.17439, -4.18239, -9.41854]
            },
            "13.75": {
              "vector": [-9.67439, -4.18239, -9.41854]
            },
            "15.25": {
              "vector": [-12.17439, -4.18239, -9.41854],
              "easing": "linear"
            },
            "16.75": {
              "vector": [-9.67439, -4.18239, -9.41854],
              "easing": "linear"
            },
            "18.25": {
              "vector": [-12.17439, -4.18239, -9.41854],
              "easing": "linear"
            },
            "19.75": {
              "vector": [-9.67439, -4.18239, -9.41854],
              "easing": "linear"
            }
          },
          "position": {
            "0.0": {
              "vector": [0, 0, 0]
            },
            "0.125": {
              "vector": [0, -9, 1]
            },
            "0.1667": {
              "vector": [0, -10, 1]
            },
            "0.3333": {
              "vector": [0, -11, 1]
            },
            "0.8333": {
              "vector": [0, -11, 3]
            }
          }
        },
        "bipedBody": {
          "rotation": {
            "0.0": {
              "vector": [0, 0, 0]
            },
            "0.2083": {
              "vector": [0, 0, 0]
            },
            "0.5": {
              "vector": [0, -10, 0]
            },
            "0.8333": {
              "vector": [-12.5, -10, 0]
            },
            "0.875": {
              "vector": [-12.5, -10, 0]
            },
            "1.75": {
              "vector": [-10, -10, 0]
            },
            "3.25": {
              "vector": [-12.5, -10, 0]
            },
            "4.75": {
              "vector": [-10, -10, 0]
            },
            "6.25": {
              "vector": [-12.5, -10, 0]
            },
            "7.75": {
              "vector": [-10, -10, 0]
            },
            "9.25": {
              "vector": [-12.5, -10, 0]
            },
            "10.75": {
              "vector": [-10, -10, 0]
            },
            "12.25": {
              "vector": [-12.5, -10, 0]
            },
            "13.75": {
              "vector": [-10, -10, 0]
            },
            "15.25": {
              "vector": [-12.5, -10, 0],
              "easing": "linear"
            },
            "16.75": {
              "vector": [-10, -10, 0],
              "easing": "linear"
            },
            "18.25": {
              "vector": [-12.5, -10, 0],
              "easing": "linear"
            },
            "19.75": {
              "vector": [-10, -10, 0],
              "easing": "linear"
            }
          },
          "position": {
            "0.0": {
              "vector": [0, 0, 0]
            },
            "0.125": {
              "vector": [0, -9, 1]
            },
            "0.1667": {
              "vector": [0, -10, 1]
            },
            "0.5": {
              "vector": [0, -11, 1]
            },
            "0.8333": {
              "vector": [0, -11, 3]
            }
          }
        },
        "bipedRightArm": {
          "rotation": {
            "0.0": {
              "vector": [0, 0, 0]
            },
            "0.25": {
              "vector": [9.3242, 15.0142, 18.29821]
            },
            "0.4583": {
              "vector": [10.14626, 27.3359, 20.5606]
            },
            "1.75": {
              "vector": [12.64626, 27.3359, 20.5606]
            },
            "3.25": {
              "vector": [10.14626, 27.3359, 20.5606]
            },
            "4.75": {
              "vector": [12.64626, 27.3359, 20.5606]
            },
            "6.25": {
              "vector": [10.14626, 27.3359, 20.5606]
            },
            "7.75": {
              "vector": [12.64626, 27.3359, 20.5606]
            },
            "9.25": {
              "vector": [10.14626, 27.3359, 20.5606]
            },
            "10.75": {
              "vector": [12.64626, 27.3359, 20.5606]
            },
            "12.25": {
              "vector": [10.14626, 27.3359, 20.5606]
            },
            "13.75": {
              "vector": [12.64626, 27.3359, 20.5606]
            },
            "15.25": {
              "vector": [10.14626, 27.3359, 20.5606],
              "easing": "linear"
            },
            "16.75": {
              "vector": [12.64626, 27.3359, 20.5606],
              "easing": "linear"
            },
            "18.25": {
              "vector": [10.14626, 27.3359, 20.5606],
              "easing": "linear"
            },
            "19.75": {
              "vector": [12.64626, 27.3359, 20.5606],
              "easing": "linear"
            }
          },
          "position": {
            "0.0": {
              "vector": [0, 0, 0]
            },
            "0.25": {
              "vector": [0, -9, 1]
            },
            "0.4583": {
              "vector": [0, -11, 1]
            },
            "0.5833": {
              "vector": [0, -13, 2]
            },
            "0.625": {
              "vector": [0, -12, 2]
            },
            "0.8333": {
              "vector": [0, -12, 3]
            }
          },
          "scale": {
            "0.0": {
              "vector": [1, 1, 1]
            },
            "0.25": {
              "vector": [1, 1.1, 1]
            },
            "0.625": {
              "vector": [1, 1, 1]
            }
          }
        },
        "bipedLeftArm": {
          "rotation": {
            "0.0": {
              "vector": [0, 0, 0]
            },
            "0.25": {
              "vector": [21.80852, -11.72641, -19.20922]
            },
            "0.4167": {
              "vector": [23.78105, -25.56875, -25.32809]
            },
            "0.5": {
              "vector": [23.78105, -25.56875, -25.32809]
            },
            "0.5833": {
              "vector": [21.47527, -27.49393, -20.16966]
            },
            "0.625": {
              "vector": [12.30837, -9.06668, -12.02413]
            },
            "0.8333": {
              "vector": [4.22601, -10.1619, -8.36139]
            },
            "1.75": {
              "vector": [6.72601, -10.1619, -8.36139]
            },
            "3.25": {
              "vector": [4.22601, -10.1619, -8.36139]
            },
            "4.75": {
              "vector": [6.72601, -10.1619, -8.36139]
            },