{
	"format_version": "1.8.0",
	"animations": {
		"ghispro first animation": {
			"animation_length": 6.9167,
			"lockVanillaBones": {
				"bipedRig": false,
				"bipedHead": false,
				"bipedBody": false,
				"bipedLeftArm": false,
				"bipedRightArm": false,
				"bipedLeftLeg": false,
				"bipedRightLeg": false
			},
			"disableOnHit": true,
			"disableOnMove": false,
			"loop": "hold_on_last_frame",
			"bones": {
				"bipedHead": {
					"rotation": {
						"0.0": {
							"post": [0, 0, 0],
							"lerp_mode": "catmullrom"
						},
						"1.75": {
							"post": [-36.96045, -28.91884, 4.39136],
							"lerp_mode": "catmullrom"
						},
						"2.2083": {
							"post": [-29.37612, 23.87357, -3.44812],
							"lerp_mode": "catmullrom"
						},
						"2.3333": [15, 0, 0],
						"2.875": [14.61832, 0, 0],
						"3.4167": [13.9326, 0, 0],
						"3.9583": [12.91988, 0, 0],
						"4.5": [11.45569, 0, 0],
						"5.0417": [9.22724, 0, 0],
						"5.4167": [6.71393, 0, 0],
						"5.5833": [4.91783, 0, 0],
						"5.625": [4.30573, 0, 0],
						"5.6667": [3.56148, 0, 0],
						"5.7083": [2.55922, 0, 0],
						"5.75": [0, 0, 0],
						"5.7917": [-26.00958, 0, 0],
						"5.8333": [-27.5, 0, 0],
						"5.875": [-27.42429, 0, 0],
						"5.9167": [-27.24376, 0, 0],
						"5.9583": [-26.94267, 0, 0],
						"6.0": [-26.50203, 0, 0],
						"6.0417": [-25.89644, 0, 0],
						"6.0833": [-25.09148, 0, 0],
						"6.125": [-24.04044, 0, 0],
						"6.1667": [-22.67404, 0, 0],
						"6.2083": [-20.88505, 0, 0],
						"6.25": [-18.4894, 0, 0],
						"6.2917": [-15.1325, 0, 0],
						"6.3333": [-10.01212, 0, 0],
						"6.375": [-2.608, 0, 0],
						"6.4167": [0, 0, 0]
					}
				},
				"bipedBody": {
					"rotation": {
						"0.0": [0, 0, 0],
						"0.0417": [-5.94174, 0, 0],
						"0.0833": [-7.87428, 0, 0],
						"0.125": [-9.12265, 0, 0],
						"0.1667": [-10.01952, 0, 0],
						"0.2083": [-10.69355, 0, 0],
						"0.25": [-11.21068, 0, 0],
						"0.7083": [-12.5, 0, 0],
						"1.25": [-12.13392, 0, 0],
						"1.6667": [-10.93272, 0, 0],
						"1.875": [-9.51747, 0, 0],
						"2.0": [-8.09311, 0, 0],
						"2.0417": [-7.44168, 0, 0],
						"2.0833": [-6.64398, 0, 0],
						"2.125": [-5.61785, 0, 0],
						"2.1667": [-4.15011, 0, 0],
						"2.2083": [0, 0, 0],
						"2.25": [13.56455, 0, 0],
						"2.2917": [16.2264, 0, 0],
						"2.3333": [17.24742, 0, 0],
						"2.375": [17.5, 0, 0],
						"2.4167": ["math.exp(query.anim_time * 0.5 ) * math.sin(query.anim_time * 300 )+17.5  ", 0, 0],
						"4.8333": [17.5, 0, 0],
						"5.3333": [0, 0, 0],
						"5.375": [-0.47003, 0, 0],
						"5.4167": [-1.35289, 0, 0],
						"5.5417": [-4.36746, 0, 0],
						"5.5833": [-5.21584, 0, 0],
						"5.625": [-5.84456, 0, 0],
						"5.6667": [-6.08934, 0, 0],
						"5.7083": [-5.54515, 0, 0],
						"5.75": [0, 0, 0],
						"5.7917": [26.00958, 0, 0],
						"5.8333": [27.5, 0, 0],
						"5.875": [27.42429, 0, 0],
						"5.9167": [27.24376, 0, 0],
						"5.9583": [26.94267, 0, 0],
						"6.0": [26.50203, 0, 0],
						"6.0417": [25.89644, 0, 0],
						"6.0833": [25.09148, 0, 0],
						"6.125": [24.04044, 0, 0],
						"6.1667": [22.67404, 0, 0],
						"6.2083": [20.88505, 0, 0],
						"6.25": [18.4894, 0, 0],
						"6.2917": [15.1325, 0, 0],
						"6.3333": [10.01212, 0, 0],
						"6.375": [2.608, 0, 0],
						"6.4167": [0, 0, 0]
					},
					"position": {
						"5.75": [0, 0, 0],
						"5.8333": [0, 0, 6],
						"5.875": [0, 0, 5.98933],
						"5.9167": [0, 0, 5.95552],
						"5.9583": [0, 0, 5.89509],
						"6.0": [0, 0, 5.80385],
						"6.0417": [0, 0, 5.6762],
						"6.0833": [0, 0, 5.50452],
						"6.125": [0, 0, 5.2785],
						"6.1667": [0, 0, 4.98282],
						"6.2083": [0, 0, 4.59378],
						"6.25": [0, 0, 4.0707],
						"6.2917": [0, 0, 3.33512],
						"6.3333": [0, 0, 2.20942],
						"6.375": [0, 0, 0.57646],
						"6.4167": [0, 0, 0]
					}
				},
				"armorBody": {
					"rotation": [0, 0, 0]
				},
				"bipedRightArm": {
					"rotation": {
						"0.0": [0, 0, 0],
						"0.0417": [-33.65015, 0, 0],
						"0.0833": [-53.56545, 0, 0],
						"0.125": [-68.0742, 0, 0],
						"0.1667": [-79.43646, 0, 0],
						"0.2083": [-88.66171, 0, 0],
						"0.25": [-96.30983, 0, 0],
						"0.2917": [-102.72361, 0, 0],
						"0.3333": [-108.13366, 0, 0],
						"0.375": [-112.70224, 0, 0],
						"0.4167": [-116.54735, 0, 0],
						"0.4583": [-119.75693, 0, 0],
						"0.5": [-122.39769, 0, 0],
						"0.5417": [-124.52055, 0, 0],
						"0.5833": [-126.16121, 0, 0],
						"0.625": [-127.34335, 0, 0],
						"0.6667": [-128.07358, 0, 0],
						"0.7083": [-128.33, 0, 0],
						"0.75": [-129.52746, -0.12398, -1.36069],
						"0.7917": [-131.46855, -0.32757, -4.06636],
						"0.8333": [-133.65937, -0.55803, -7.11376],
						"0.875": [-135.98723, -0.8031, -10.13268],
						"0.9167": [-138.40478, -1.05751, -12.98015],
						"0.9583": [-140.88628, -1.31837, -15.60194],
						"1.0": [-143.41595, -1.5839, -17.982],
						"1.0417": [-145.98321, -1.85292, -20.12157],
						"1.0833": [-148.58061, -2.12452, -22.02818],
						"1.125": [-151.20238, -2.39801, -23.7137],
						"1.1667": [-153.84405, -2.67282, -25.18949],
						"1.2083": [-156.50199, -2.94848, -26.46749],
						"1.25": [-159.1731, -3.22452, -27.56022],
						"1.2917": [-161.85459, -3.50051, -28.47796],
						"1.3333": [-164.54392, -3.77602, -29.23127],
						"1.375": [-167.23858, -4.05057, -29.82825],
						"1.4167": [-169.93597, -4.32361, -30.27861],
						"1.4583": [-172.63326, -4.59449, -30.58967],
						"1.5": [-175.32708, -4.86238, -30.76877],
						"1.5417": [-178.01325, -5.12613, -30.82309],
						"1.5833": [-180.68599, -5.38409, -30.7568],
						"1.625": [-183.33651, -5.63355, -30.57772],
						"1.6667": [-185.94975, -5.86955, -30.29038],
						"1.7083": [-188.49397, -6.08037, -29.89895],
						"1.75": [-190.86815, -6.21271, -29.40842],
						"1.7917": [-192.30652, -6.00361, -29.02373],
						"1.8333": [-192.78778, -5.61933, -29.12114],
						"1.875": [-192.70965, -5.16634, -29.76337],
						"1.9167": [-192.25751, -4.67607, -31.02138],
						"1.9583": [-191.53667, -4.16343, -32.99],
						"2.0": [-190.61421, -3.63728, -35.78011],
						"2.0417": [-189.53818, -3.10379, -39.54844],
						"2.0833": [-188.34505, -2.56799, -44.49474],
						"2.125": [-187.06542, -2.0345, -50.91357],
						"2.1667": [-185.7277, -1.50835, -59.22776],
						"2.2083": [-184.36189, -0.99571, -70.13603],
						"2.25": [-183.00512, -0.50544, -84.8662],
						"2.2917": [-181.71329, -0.05245, -106.04583],
						"2.3333": [-180.5954, 0.33183, -140.91971],
						"2.375": [-179.98792, 0.54092, -179.9407],
						"2.4167": [-176.99803, 0.53849, -184.49835],
						"2.4583": [-169.09781, 0.53206, -185.24108],
						"2.5": [-158.1114, 0.52312, -184.51623],
						"2.5417": [-146.07131, 0.51332, -183.15332],
						"2.5833": [-135.0849, 0.50438, -181.63334],
						"2.625": [-127.18467, 0.49795, -180.35606],
						"2.6667": [-124.19479, 0.49551, -179.7897],
						"2.9167": {
							"pre": [-183.85703, 0.35046, -179.59208],
							"post": [-183.85703, 0.35046, -179.59208],
							"lerp_mode": "catmullrom"
						},
						"3.5": {
							"post": [-140.85704, 0.41596, -179.65913],
							"lerp_mode": "catmullrom"
						},
						"4.2917": {
							"post": [-184.85912, 0.50318, -180.18981],
							"lerp_mode": "catmullrom"
						},
						"4.8333": {
							"post": [-169.35727, 0.47988, -179.75725],
							"lerp_mode": "catmullrom"
						},
						"5.2917": [-180, 0.4799, -179.7572]
					},
					"position": {
						"2.3333": [0, 0, 0],
						"2.375": [-2, 0, 0]
					}
				},
				"bipedLeftArm": {
					"rotation": {
						"0.0": [0, 0, 0],
						"0.0417": [-64.83396, 0, 0],
						"0.0833": [-85.39506, 0, 0],
						"0.125": [-98.6453, 0, 0],
						"0.1667": [-108.10468, 0, 0],
						"0.2083": [-115.13048, 0, 0],
						"0.25": [-120.42863, 0, 0],
						"0.2917": [-124.41217, 0, 0],
						"0.3333": [-127.35308, 0, 0],
						"0.375": [-129.44412, 0, 0],
						"0.4167": [-130.82543, 0, 0],